url,meta_title,meta_description,language,new_title,alt_title,new_description
https://www.skycop.com/news/airlines/lufthansa/lufthansa-strikes-april-2026-what-passengers-need-to-know/,"Lufthansa strikes in April 2026: what passengers need to know - Skycop","Lufthansa strikes April 2026: check affected flights, passenger rights, and how to claim up to €600 compensation for delays or cancellations.",de,"Lufthansa-Streiks April 2026: Wichtige Infos",,"Lufthansa-Streiks im April 2026: Erfahren Sie alles zu betroffenen Flügen, Passagierrechten und wie Sie bis zu 600 € Entschädigung bei Verspätungen oder Ausfällen erhalten."
https://www.skycop.com/news/airlines/airport-body-scanners/,"Airport Security Scanners Explained - Skycop","Discover what airport scanners really see, how security affects your flight, and learn how Skycop can help get compensation for delays or cancellations.",nl,"Veiligheidsscanners op luchthavens uitgelegd","Uitleg over luchthavenbeveiliging met Skycop","Ontdek wat luchthavenscanners echt zien, hoe veiligheidscontroles uw vlucht beïnvloeden en hoe Skycop helpt bij vergoeding voor vertraging of annulering."
https://www.skycop.com/news/aviation/exploring-civil-aircraft-types/,"Civil Aircraft Types and Their Uses - Skycop","Explore the world of civil aircraft, from jumbo jets to small planes, and learn their types, purposes, and standout features quickly.",us,"Civil Aircraft Types and Their Uses - Skycop","Types of Civil Aircraft and Their Common Uses","Explore the fascinating world of civil aircraft, from jumbo jets to small planes, and quickly learn their types, purposes, and standout features today."
https://www.skycop.com/news/airlines/leave-airport-during-layover/,"Leave the Airport on a Layover? - Skycop","Rules for exiting during a layover: visas, self-transfers, timing math, luggage storage, night stops, and what to do if flights delay.",gb,"Leaving the Airport During a Layover? - Skycop","Leaving Airport on a Layover? Skycop Guide","Rules for exiting during a layover: visas, self-transfers, timing calculations, luggage storage, overnight stays, and what to do if flights are delayed."
https://www.skycop.com/news/airlines/best-time-to-book-flights/,"When to Book Europe Flights: Better Dates - Skycop","Focus on booking windows, not magic weekdays. Compare Tue/Wed vs Fri/Sun, watch holiday weeks, and price-check add-ons like bags and seats.",sr,"Када резервисати летове за Европу: бољи датуми","Најбољи датуми за резервацију летова у Европу","Фокусирајте се на прозоре за резервације, не на магичне дане. Упоредите уторак/среду и петак/недељу, пратите празничне недеље и цене додатака као торбе и седишта."
https://www.skycop.com/news/airlines/book-first-class-or-business/,"Business vs First Class in Europe: What You Get - Skycop","Short-haul vs long-haul Business and First Class explained: lie-flat, lounge, priority, fare rules, and a 30-second checklist fast",br,"Kenwerzh vs Kentañ Klas en Europa : Petra a vez roet","Kenwerzh ha Kentañ Klas e Europa : Petra kaver","Business ha Kentañ Klas evit hedoù berr ha hir displeget : gwele plat, sal-gortoz, priorelezh, reolennoù prizioù, hag ur roll-gwiriañ buan e 30 eilenn."
https://www.skycop.com/news/airlines/find-cheap-flights-no-myths/,"Google Flights Grid Trick for Cheaper Dates - Skycop","Find cheaper European flights with a simple system: flexible date ranges, multiple airports, total-price checks for baggage/seat add-ons, plus tracking.",fr,"Astuce Google Flights pour dates moins chères",,"Trouvez des vols européens moins chers avec un système simple : dates flexibles, plusieurs aéroports, prix total vérifié incluant bagages, sièges et suivi."
https://www.skycop.com/news/airlines/best-days-cheaper-flights/,"Title Book Smarter Flights: Compare Real Costs - Skycop","Cheaper flights in Europe: use Google Flights Date Grid, shift dates, compare fares with baggage fees, and check if you can claim compensation.",ar,"رحلات أكثر ذكاء: قارن التكاليف - Skycop",,"رحلات طيران أرخص في أوروبا: استخدم شبكة التواريخ في Google Flights، وغير التواريخ، وقارن الأسعار مع رسوم الأمتعة، وتحقق إذا يمكنك المطالبة بتعويض مالي."
https://www.skycop.com/news/airlines/airplane-mode-on-a-plane/,"Airplane Mode: What If You Don’t Use It? - Skycop","Why Airplane Mode still matters: EU rules, real interference cases, and simple, quick settings for Wi-Fi, Bluetooth, and onboard mobile.",ee,"Airplane Mode: What Happens If You Don’t Use It","Airplane Mode: Risks of Not Using It - Skycop","Why Airplane Mode still matters: EU rules, real interference cases, and simple, quick settings for Wi-Fi, Bluetooth, and onboard mobile connections."
https://www.skycop.com/news/airlines/change-name-plane-ticket/,"How to Change Your Name on a Plane Ticket - Skycop","Made a name mistake on your flight ticket? Learn how to fix passport and ticket details, deadlines, airline rules, fees, and what to do fast.",lv,"Kā mainīt vārdu lidmašīnas biļetē – Skycop",,"Lidojuma biļetē ir kļūda vārdā? Uzziniet, kā labot pases un biļetes datus, termiņus, aviokompānijas noteikumus, maksas un ko darīt, lai to izdarītu ātri."
